{
    "sim": 1,
    "seed": "94812333602507666136065285834237",
    "colormap": 5,
    "kernel": [
        0.4812101721763611,
        -0.2765694856643677,
        0.4812101721763611,
        -0.02137836068868637,
        0.36062368750572205,
        -0.02137836068868637,
        0.4812101721763611,
        -0.2765694856643677,
        0.4812101721763611,
        -0.25391021370887756,
        -0.489358127117157,
        -0.25391021370887756,
        -0.27127930521965027,
        -0.8201402425765991,
        -0.27127930521965027,
        -0.25391021370887756,
        -0.489358127117157,
        -0.25391021370887756,
        0.4812101721763611,
        -0.2765694856643677,
        0.4812101721763611,
        -0.02137836068868637,
        0.36062368750572205,
        -0.02137836068868637,
        0.4812101721763611,
        -0.2765694856643677,
        0.4812101721763611
    ],
    "symmetries": {
        "xp_sym": true,
        "x1_sym": false,
        "x2_sym": false,
        "yp_sym": true,
        "y1_sym": false,
        "y2_sym": false,
        "zp_sym": true,
        "z1_sym": false,
        "z2_sym": false,
        "full_sym": false
    },
    "activation": "return -1.0/pow(2.0,(pow(x,2.0)))+1.0;",
    "wrap": false,
    "blend": true,
    "skip": true,
    "size": 128,
    "compute": 8
}