{"sim":1,"seed":"46322779829416133528907674886849","colormap":5,"kernel":[0.2212928980588913,0.46504339575767517,0.5525791645050049,0.3810569643974304,0.9235211610794067,-0.29820677638053894,0.7489370107650757,0.1988387405872345,-0.3352825343608856,-0.14617261290550232,0.2840527594089508,-0.6421611309051514,0.09344911575317383,-0.48823288083076477,-0.20872361958026886,-0.5224168300628662,0.26084327697753906,0.3605056405067444,0.0945976972579956,0.787545382976532,0.8696390390396118,-0.7178513407707214,-0.7868624329566956,-0.5330560207366943,-0.4653078615665436,0.16698597371578217,0.20045574009418488],"symmetries":{"xp_sym":false,"x1_sym":false,"x2_sym":false,"yp_sym":false,"y1_sym":false,"y2_sym":false,"zp_sym":false,"z1_sym":false,"z2_sym":false,"full_sym":false},"activation":"return -1.0/pow(2.0,(pow(x,2.0)))+1.0;","wrap":false,"blend":true,"skip":true,"size":128,"compute":4}