{"sim":1,"seed":"27581981501981577379512510734354","colormap":5,"kernel":[0.33399999141693115,-0.1589999943971634,0.33399999141693115,-0.1589999943971634,-0.45399999618530273,-0.1589999943971634,0.33399999141693115,-0.1589999943971634,0.33399999141693115,-0.1589999943971634,-0.45399999618530273,-0.1589999943971634,-0.45399999618530273,0.6129999756813049,-0.45399999618530273,-0.1589999943971634,-0.45399999618530273,-0.1589999943971634,0.33399999141693115,-0.1589999943971634,0.33399999141693115,-0.1589999943971634,-0.45399999618530273,-0.1589999943971634,0.33399999141693115,-0.1589999943971634,0.33399999141693115],"symmetries":{"xp_sym":true,"x1_sym":true,"x2_sym":true,"yp_sym":true,"y1_sym":true,"y2_sym":true,"zp_sym":true,"z1_sym":true,"z2_sym":true,"full_sym":false},"activation":"return -1.0/pow(2.0,(pow(x,2.0)))+1.002;","wrap":true,"blend":true,"skip":true,"size":256,"compute":1}