{"sim":1,"seed":"05492384558948610927055283464568","colormap":5,"kernel":[0.04526493325829506,0.29585903882980347,-0.3118511438369751,-0.3470230996608734,0.9051549434661865,0.29585903882980347,0.07685043662786484,-0.3470230996608734,0.04526493325829506,0.29585903882980347,-0.36647486686706543,-0.17346306145191193,0.9051549434661865,-0.8737316727638245,-0.36647486686706543,0.5081484913825989,0.9051549434661865,0.29585903882980347,-0.3118511438369751,-0.17346306145191193,-0.735500156879425,-0.2325802445411682,0.7663930058479309,-0.17346306145191193,-0.36514779925346375,-0.2325802445411682,-0.3118511438369751],"symmetries":{"xp_sym":false,"x1_sym":true,"x2_sym":false,"yp_sym":false,"y1_sym":true,"y2_sym":false,"zp_sym":false,"z1_sym":true,"z2_sym":false,"full_sym":false},"activation":"return -1.0/pow(2.0,(pow(x,2.0)))+1.0;","wrap":false,"blend":true,"skip":true,"size":256,"compute":8}