{"sim":1,"seed":"92472075574556455001635576584214","colormap":5,"kernel":[-0.13755293190479279,0.250853955745697,-0.13755293190479279,0.397340327501297,-0.5101543068885803,0.397340327501297,-0.13755293190479279,0.250853955745697,-0.13755293190479279,0.5410752296447754,-0.2032567709684372,0.5410752296447754,0.47817474603652954,0.509437084197998,0.47817474603652954,0.5410752296447754,-0.2032567709684372,0.5410752296447754,-0.13755293190479279,0.250853955745697,-0.13755293190479279,0.397340327501297,-0.5101543068885803,0.397340327501297,-0.13755293190479279,0.250853955745697,-0.13755293190479279],"symmetries":{"xp_sym":true,"x1_sym":false,"x2_sym":false,"yp_sym":true,"y1_sym":false,"y2_sym":false,"zp_sym":true,"z1_sym":false,"z2_sym":false,"full_sym":false},"activation":"return cos(x);","wrap":false,"blend":true,"skip":true,"size":256,"compute":12}