{"sim":1,"seed":"27581981501981577379512510734354","colormap":5,"kernel":[-0.20999999344348907,0.23999999463558197,-0.20999999344348907,0.23999999463558197,-0.07800000160932541,0.23999999463558197,-0.20999999344348907,0.23999999463558197,-0.20999999344348907,0.23999999463558197,-0.07800000160932541,0.23999999463558197,-0.07800000160932541,0.1899999976158142,-0.07800000160932541,0.23999999463558197,-0.07800000160932541,0.23999999463558197,-0.20999999344348907,0.23999999463558197,-0.20999999344348907,0.23999999463558197,-0.07800000160932541,0.23999999463558197,-0.20999999344348907,0.23999999463558197,-0.20999999344348907],"symmetries":{"xp_sym":true,"x1_sym":true,"x2_sym":true,"yp_sym":true,"y1_sym":true,"y2_sym":true,"zp_sym":true,"z1_sym":true,"z2_sym":true,"full_sym":false},"activation":"return -1.0/pow(2.0,(pow(x,2.0)))+1.002;","wrap":false,"blend":true,"skip":true,"size":256,"compute":1}