{"sim":1,"seed":"22583517464778738385816336804412","colormap":5,"kernel":[0.14049848914146423,-0.18150034546852112,0.14049848914146423,-0.18150034546852112,0.27809447050094604,-0.18150034546852112,0.14049848914146423,-0.18150034546852112,0.14049848914146423,-0.18150034546852112,0.27809447050094604,-0.18150034546852112,0.27809447050094604,0.2986365258693695,0.27809447050094604,-0.18150034546852112,0.27809447050094604,-0.18150034546852112,0.14049848914146423,-0.18150034546852112,0.14049848914146423,-0.18150034546852112,0.27809447050094604,-0.18150034546852112,0.14049848914146423,-0.18150034546852112,0.14049848914146423],"symmetries":{"xp_sym":true,"x1_sym":true,"x2_sym":true,"yp_sym":true,"y1_sym":true,"y2_sym":true,"zp_sym":true,"z1_sym":true,"z2_sym":true,"full_sym":false},"activation":"return pow(x,2.0);","wrap":false,"blend":true,"skip":true,"size":256,"compute":1}