{"sim":1,"seed":"71881685507874277049548777583882","colormap":5,"kernel":[-0.2160000056028366,0.2849999964237213,-0.2160000056028366,0.2849999964237213,-0.37700000405311584,0.2849999964237213,-0.2160000056028366,0.2849999964237213,-0.2160000056028366,0.2849999964237213,-0.37700000405311584,0.2849999964237213,-0.37700000405311584,1.1799999475479126,-0.37700000405311584,0.2849999964237213,-0.37700000405311584,0.2849999964237213,-0.2160000056028366,0.2849999964237213,-0.2160000056028366,0.2849999964237213,-0.37700000405311584,0.2849999964237213,-0.2160000056028366,0.2849999964237213,-0.2160000056028366],"symmetries":{"xp_sym":true,"x1_sym":true,"x2_sym":true,"yp_sym":true,"y1_sym":true,"y2_sym":true,"zp_sym":true,"z1_sym":true,"z2_sym":true,"full_sym":false},"activation":"return -1.0/pow(2.0,(pow(x,2.0)))+1.002;","wrap":false,"blend":true,"skip":true,"size":256,"compute":1}