{"sim":1,"seed":"71881685507874277049548777583882","colormap":5,"kernel":[0.33357420563697815,-0.6057872176170349,0.33357420563697815,-0.6057872176170349,0.8964846730232239,-0.6057872176170349,0.33357420563697815,-0.6057872176170349,0.33357420563697815,-0.6057872176170349,0.8964846730232239,-0.6057872176170349,0.8964846730232239,-0.09690362215042114,0.8964846730232239,-0.6057872176170349,0.8964846730232239,-0.6057872176170349,0.33357420563697815,-0.6057872176170349,0.33357420563697815,-0.6057872176170349,0.8964846730232239,-0.6057872176170349,0.33357420563697815,-0.6057872176170349,0.33357420563697815],"symmetries":{"xp_sym":true,"x1_sym":true,"x2_sym":true,"yp_sym":true,"y1_sym":true,"y2_sym":true,"zp_sym":true,"z1_sym":true,"z2_sym":true,"full_sym":false},"activation":"return -1.0/pow(2.0,(pow(x,2.0)))+1.002;","wrap":false,"blend":true,"skip":true,"size":256,"compute":1}