{"sim":1,"seed":"71881685507874277049548777583882","colormap":5,"kernel":[-0.22100000083446503,-0.14499999582767487,-0.22100000083446503,-0.14499999582767487,0.546999990940094,-0.14499999582767487,-0.22100000083446503,-0.14499999582767487,-0.22100000083446503,-0.14499999582767487,0.546999990940094,-0.14499999582767487,0.546999990940094,0.8500000238418579,0.546999990940094,-0.14499999582767487,0.546999990940094,-0.14499999582767487,-0.22100000083446503,-0.14499999582767487,-0.22100000083446503,-0.14499999582767487,0.546999990940094,-0.14499999582767487,-0.22100000083446503,-0.14499999582767487,-0.22100000083446503],"symmetries":{"xp_sym":true,"x1_sym":true,"x2_sym":true,"yp_sym":true,"y1_sym":true,"y2_sym":true,"zp_sym":true,"z1_sym":true,"z2_sym":true,"full_sym":false},"activation":"return -1.0/pow(2.0,(pow(x,2.0)))+1.002;","wrap":false,"blend":true,"skip":true,"size":256,"compute":1}