{"sim":1,"seed":"26528596787517036570385150128928","colormap":5,"kernel":[-0.10899999737739563,0.2460000067949295,-0.10899999737739563,0.2460000067949295,-0.37400001287460327,0.2460000067949295,-0.10899999737739563,0.2460000067949295,-0.10899999737739563,0.2460000067949295,-0.37400001287460327,0.2460000067949295,-0.37400001287460327,0.9089999794960022,-0.37400001287460327,0.2460000067949295,-0.37400001287460327,0.2460000067949295,-0.10899999737739563,0.2460000067949295,-0.10899999737739563,0.2460000067949295,-0.37400001287460327,0.2460000067949295,-0.10899999737739563,0.2460000067949295,-0.10899999737739563],"symmetries":{"xp_sym":true,"x1_sym":true,"x2_sym":true,"yp_sym":true,"y1_sym":true,"y2_sym":true,"zp_sym":true,"z1_sym":true,"z2_sym":true,"full_sym":false},"activation":"return -1.0/pow(2.0,(pow(x,2.0)))+1.000;","wrap":false,"blend":true,"skip":true,"size":256,"compute":1}