{"sim":1,"seed":"68451614363663322896623487799427","colormap":5,"kernel":[-0.4598524868488312,-0.03717206418514252,0.8569392561912537,-0.03717206418514252,-0.4061928391456604,-0.03717206418514252,0.8569392561912537,-0.03717206418514252,-0.4598524868488312,-0.03717206418514252,-0.4061928391456604,-0.03717206418514252,-0.4061928391456604,-0.364321231842041,-0.4061928391456604,-0.03717206418514252,-0.4061928391456604,-0.03717206418514252,0.8569392561912537,-0.03717206418514252,-0.4598524868488312,-0.03717206418514252,-0.4061928391456604,-0.03717206418514252,-0.4598524868488312,-0.03717206418514252,0.8569392561912537],"symmetries":{"xp_sym":false,"x1_sym":true,"x2_sym":true,"yp_sym":false,"y1_sym":true,"y2_sym":true,"zp_sym":false,"z1_sym":true,"z2_sym":true,"full_sym":false},"activation":"return (exp(2.0*x)-1.0)/(exp(2.0*x)+1.0);","wrap":false,"blend":true,"skip":true,"size":256,"compute":1}