{"sim":1,"seed":"43908077000459367177721141665147","colormap":5,"kernel":[0.2599862217903137,-0.15224038064479828,0.2599862217903137,-0.9165964722633362,0.25961506366729736,-0.9165964722633362,0.2599862217903137,-0.15224038064479828,0.2599862217903137,-0.7538182735443115,-0.7089666724205017,-0.7538182735443115,-0.9358548521995544,-0.7502232789993286,-0.9358548521995544,-0.7538182735443115,-0.7089666724205017,-0.7538182735443115,0.2599862217903137,-0.15224038064479828,0.2599862217903137,-0.9165964722633362,0.25961506366729736,-0.9165964722633362,0.2599862217903137,-0.15224038064479828,0.2599862217903137],"symmetries":{"xp_sym":true,"x1_sym":false,"x2_sym":false,"yp_sym":true,"y1_sym":false,"y2_sym":false,"zp_sym":true,"z1_sym":false,"z2_sym":false,"full_sym":false},"activation":"return sin(x);","wrap":false,"blend":true,"skip":true,"size":128,"compute":8}