{
    "sim": 1,
    "seed": "37666662542417569226963278692152",
    "colormap": 5,
    "kernel": [
        0.3772183954715729,
        -0.19253762066364288,
        0.09050115942955017,
        -0.19253762066364288,
        0.4714828431606293,
        -0.19253762066364288,
        0.09050115942955017,
        -0.19253762066364288,
        0.3772183954715729,
        -0.19253762066364288,
        0.4714828431606293,
        -0.19253762066364288,
        0.4714828431606293,
        -0.9891831278800964,
        0.4714828431606293,
        -0.19253762066364288,
        0.4714828431606293,
        -0.19253762066364288,
        0.09050115942955017,
        -0.19253762066364288,
        0.3772183954715729,
        -0.19253762066364288,
        0.4714828431606293,
        -0.19253762066364288,
        0.3772183954715729,
        -0.19253762066364288,
        0.09050115942955017
    ],
    "symmetries": {
        "xp_sym": false,
        "x1_sym": true,
        "x2_sym": true,
        "yp_sym": false,
        "y1_sym": true,
        "y2_sym": true,
        "zp_sym": false,
        "z1_sym": true,
        "z2_sym": true,
        "full_sym": false
    },
    "activation": "return cos(x);",
    "wrap": false,
    "blend": true,
    "skip": true,
    "size": 128,
    "compute": 1
}