{"sim":1,"seed":"26528596787517036570385150128928","colormap":5,"kernel":[-0.014000000432133675,0.06599999964237213,-0.014000000432133675,0.06599999964237213,-0.23800000548362732,0.06599999964237213,-0.014000000432133675,0.06599999964237213,-0.014000000432133675,0.06599999964237213,-0.23800000548362732,0.06599999964237213,-0.23800000548362732,2.4000000953674316,-0.23800000548362732,0.06599999964237213,-0.23800000548362732,0.06599999964237213,-0.014000000432133675,0.06599999964237213,-0.014000000432133675,0.06599999964237213,-0.23800000548362732,0.06599999964237213,-0.014000000432133675,0.06599999964237213,-0.014000000432133675],"symmetries":{"xp_sym":true,"x1_sym":true,"x2_sym":true,"yp_sym":true,"y1_sym":true,"y2_sym":true,"zp_sym":true,"z1_sym":true,"z2_sym":true,"full_sym":false},"activation":"return -1.0/pow(2.0,(pow(x,2.0)))+1.002;","wrap":false,"blend":true,"skip":true,"size":128,"compute":1}